frase,situacao
"sinto dor no peito e falta de ar",alto risco
"tive um leve incômodo nas costas",baixo risco
"estou com um aperto no peito que vai para o braço esquerdo",alto risco
"estou com dor nas costas depois de carregar peso",baixo risco
"dor forte no peito há mais de meia hora e não passa",alto risco
"meu pescoço dói de ficar muito tempo no computador",baixo risco
"estou com dor no peito e suando frio",alto risco
"estou com dor de cabeça leve depois de um dia cansativo",baixo risco
"sinto um peso no peito e enjoo desde que acordei",alto risco
"estou com o nariz escorrendo e espirrando muito",baixo risco
"a dor no peito aparece até quando estou parado",alto risco
"tenho dor de garganta desde ontem, sem febre",baixo risco
"de repente fiquei sem ar e não consigo respirar direito",alto risco
"estou gripada, com tosse e o corpo um pouco mole",baixo risco
"acordo de madrugada sem ar e preciso sentar na cama",alto risco
"tive azia depois de comer muito no almoço",baixo risco
"estou com falta de ar e as pernas muito inchadas",alto risco
"estou com dor de dente quando tomo algo gelado",baixo risco
"desmaiei hoje de manhã sem motivo",alto risco
"torci o pé jogando bola e está um pouco inchado",baixo risco
"quase desmaiei quando subi a escada",alto risco
"meu joelho dói depois da corrida",baixo risco
"meu coração está disparado há uma hora e estou tonta",alto risco
"estou cansada porque dormi mal essa semana",baixo risco
"sinto o coração acelerado e uma dor no peito",alto risco
"sinto dor no peito só quando aperto o músculo, depois da academia",baixo risco
"minha boca ficou torta e a fala está enrolada",alto risco
"meu coração acelerou depois de tomar muito café, mas já passou",baixo risco
"de repente perdi a força no braço direito",alto risco
"fiquei com falta de ar depois de correr para pegar o ônibus, mas passou logo",baixo risco
"minha pressão está 20 por 12 e estou com muita dor de cabeça",alto risco
"levantei rápido da cama e fiquei tonta por alguns segundos",baixo risco
"estou muito cansada e enjoada, com suor frio e sem forças",alto risco
"estou com cólica, como todo mês",baixo risco
"sinto dor no queixo e no braço esquerdo, com suor frio",alto risco
"quero renovar a receita do remédio de pressão, estou me sentindo bem",baixo risco
"estou com a perna inchada, vermelha e quente de um lado só",alto risco
"cortei o dedo cozinhando e já parou de sangrar",baixo risco
"meus lábios estão roxos e falta o ar até sentado",alto risco
"meus olhos estão coçando por causa da alergia",baixo risco
"o aperto no peito vai e volta desde ontem, cada vez mais forte",alto risco
"minha boca está dormente por causa da anestesia do dentista",baixo risco
"perdi a visão de um olho de uma hora para outra",alto risco
"o dedo ficou roxo porque prendi na porta do carro",baixo risco
"estava sentado no sofá quando o peito começou a doer forte",alto risco
"bati o dedinho do pé na quina da cama",baixo risco
"só consigo dormir sentada, quando deito fico sem ar",alto risco
"medi a pressão na farmácia só por curiosidade e deu 12 por 8",baixo risco
"perdi os sentidos fazendo caminhada e caí na calçada",alto risco
"acordei com torcicolo depois de dormir de mau jeito",baixo risco
"começou uma dor no meio das costas, com suor frio e enjoo",alto risco
"levei um susto com o cachorro e o coração disparou, já normalizou",baixo risco
"agora o peito dói só de andar até a cozinha",alto risco
"dormi em cima do braço e acordei com a mão formigando, já passou",baixo risco
"as palavras saem trocadas e minha perna direita está fraca",alto risco
"estou com coriza e tosse, sem febre e sem falta de ar",baixo risco
"vomitei duas vezes e a dor no peito não melhora",alto risco
"meu braço esquerdo dói de carregar o bebê, piora quando mexo",baixo risco
"deu uma batedeira no coração e estou sem ar",alto risco
"minha voz sumiu depois de gritar muito no show ontem",baixo risco
"o peso no peito sobe para o pescoço e o queixo",alto risco
"exagerei no sol da praia e a pele está ardendo",baixo risco
"estou sem fôlego até para falar, mesmo sem fazer nada",alto risco
"caí de bicicleta e ralei o cotovelo, foi só um arranhão",baixo risco
"fiquei tonto e com o peito apertado enquanto lavava a louça",alto risco
"o dente do siso está nascendo e a gengiva dói",baixo risco
"o lado direito do rosto e o braço direito ficaram dormentes",alto risco
"o ombro ficou dolorido de pintar o teto da sala",baixo risco
"pela primeira vez senti o peito apertar forte enquanto caminhava",alto risco
"queimei a mão de leve no forno, ficou só vermelhinho",baixo risco
"minhas pernas incharam e fico sem ar só de tomar banho",alto risco
"as picadas de mosquito na perna estão coçando muito",baixo risco
"no meio da noite o peito apertou e acordei suando muito",alto risco
"espirro toda vez que limpo a casa por causa da poeira",baixo risco
"veio uma queimação no peito e o braço esquerdo ficou formigando",alto risco
"vim só fazer o check-up anual, não sinto nada",baixo risco
"medi a pressão, deu 22 por 13, e estou meio confusa",alto risco
"a vista ficou embaçada por causa do colírio do oculista",baixo risco
"do nada tudo ficou preto e acordei no chão do quarto",alto risco
"minhas pernas doem da caminhada de ontem, mas não estão inchadas",baixo risco
"hoje cedo meu braço e minha perna esquerda ficaram sem força",alto risco
"brinquei de pega-pega com meu filho e fiquei sem fôlego, passou rápido",baixo risco
"senti uma dor muito forte no peito que foi para as costas",alto risco
"fiquei meio tonto depois de muito tempo sem comer, comi e melhorou",baixo risco
"a vista escureceu e quase caí, o coração parecia falhar",alto risco
"mordi a bochecha sem querer e apareceu uma afta",baixo risco
"a falta de ar começou do nada e está piorando a cada hora",alto risco
"deu câimbra no pé enquanto eu nadava, mas já passou",baixo risco
"o coração disparou, as pernas ficaram bambas e tudo começou a girar",alto risco
"as coxas estão doloridas depois do primeiro treino de perna",baixo risco
"quase apaguei na mesa do trabalho e fiquei todo suado",alto risco
"estou com uma bolha no calcanhar por causa do sapato novo",baixo risco
"faz duas horas que o coração está a mil e não acalma",alto risco
"o pastel da feira me deixou um pouco enjoado",baixo risco
"as pontas dos dedos ficaram roxas e respirar está difícil",alto risco
"bebi pouca água hoje e fiquei com uma dor de cabeça fraca",baixo risco
"levantei do sofá e apaguei, bati a cabeça no chão",alto risco
"preciso de um atestado pra academia, estou bem de saúde",baixo risco
"fiquei exausta de repente, suando frio, sem motivo nenhum",alto risco
"enjoei na estrada cheia de curva, mas passou quando o carro parou",baixo risco
